Simulation Time,Node,Contetion Size
0.036004135408,accessPoint,31
0.136004135408,accessPoint,31
0.187129723513,wirelessHost[3],15
0.187168707055,accessPoint,31
0.192498299526,wirelessHost[8],15
0.192536738562,accessPoint,31
0.214148108754,wirelessHost[0],15
0.214186392927,accessPoint,31
0.236004135408,accessPoint,31
0.256293353136,wirelessHost[9],15
0.256331846939,accessPoint,31
0.269911419344,wirelessHost[2],15
0.269949959428,accessPoint,31
0.273959453055,wirelessHost[7],15
0.273998432983,accessPoint,31
0.287418466015,wirelessHost[4],15
0.287437725672,wirelessHost[5],15
0.287457505526,accessPoint,31
0.288308565405,accessPoint,31
0.307184815221,wirelessHost[6],15
0.307223328158,accessPoint,31
0.336004135408,accessPoint,31
0.352739598975,wirelessHost[1],15
0.352777674013,accessPoint,31
0.436004135408,accessPoint,31
0.487129723513,wirelessHost[3],15
0.487172707055,accessPoint,31
0.487489690597,wirelessHost[3],15
0.487886674139,accessPoint,31
0.488223657681,wirelessHost[3],15
0.488660641223,accessPoint,31
0.492498299526,wirelessHost[8],15
0.492540738562,accessPoint,31
0.493257177598,wirelessHost[8],15
0.493673616634,accessPoint,31
0.49403005567,wirelessHost[8],15
0.494446494706,accessPoint,31
0.514148108754,wirelessHost[0],15
0.514190392927,accessPoint,31
0.5146066771,wirelessHost[0],15
0.514882961273,accessPoint,31
0.515539245446,wirelessHost[0],15
0.515735529619,accessPoint,31
0.536004135408,accessPoint,31
0.556293353136,wirelessHost[9],15
0.556335846939,accessPoint,31
0.556792340742,wirelessHost[9],15
0.556988834545,accessPoint,31
0.557265328348,wirelessHost[9],15
0.557401822151,accessPoint,31
0.569911419344,wirelessHost[2],15
0.569953959428,accessPoint,31
0.570090499512,wirelessHost[2],15
0.570227039596,accessPoint,31
0.57076357968,wirelessHost[2],15
0.571200119764,accessPoint,31
0.573959453055,wirelessHost[7],15
0.574002432983,accessPoint,31
0.574519412911,wirelessHost[7],15
0.574816392839,accessPoint,31
0.575513372767,wirelessHost[7],15
0.575830352695,accessPoint,31
0.587418466015,wirelessHost[4],15
0.587437725672,wirelessHost[5],15
0.587461505526,accessPoint,31
0.588315990995,wirelessHost[4],15
0.588361030506,accessPoint,31
0.588513753485,wirelessHost[5],15
0.588690476464,accessPoint,31
0.589485278465,wirelessHost[5],15
0.589530001444,accessPoint,31
0.590259040955,wirelessHost[4],15
0.590304080466,accessPoint,31
0.590837526424,accessPoint,31
0.607184815221,wirelessHost[6],15
0.607227328158,accessPoint,31
0.607763841095,wirelessHost[6],15
0.607940354032,accessPoint,31
0.608356866969,wirelessHost[6],15
0.608793379906,accessPoint,31
0.636004135408,accessPoint,31
0.652739598975,wirelessHost[1],15
0.652781674013,accessPoint,31
0.652957749051,wirelessHost[1],15
0.653233824089,accessPoint,31
0.653409899127,wirelessHost[1],15
0.653705974165,accessPoint,31
0.736004135408,accessPoint,31
0.836004135408,accessPoint,31
0.936004135408,accessPoint,31
1,wirelessHost[0],15
1,wirelessHost[1],15
1,wirelessHost[2],15
1,wirelessHost[3],15
1,wirelessHost[4],15
1,wirelessHost[5],15
1,wirelessHost[6],15
1,wirelessHost[7],15
1,wirelessHost[8],15
1,wirelessHost[9],15
1.00067,wirelessHost[0],31
1.00067,wirelessHost[1],31
1.00067,wirelessHost[2],31
1.00067,wirelessHost[3],31
1.00067,wirelessHost[4],31
1.00067,wirelessHost[5],31
1.00067,wirelessHost[6],31
1.00067,wirelessHost[7],31
1.00067,wirelessHost[8],31
1.00067,wirelessHost[9],31
1.001224075038,accessPoint,31
1.003654601164,accessPoint,31
1.004555584706,wirelessHost[3],63
1.004555640675,wirelessHost[4],63
1.009244174372,wirelessHost[1],15
1.00950224941,accessPoint,31
1.010998303986,accessPoint,31
1.013903144125,wirelessHost[5],15
1.014161867104,accessPoint,31
1.016015867104,accessPoint,31
1.017166407188,wirelessHost[2],15
1.017424947272,accessPoint,31
1.018002947272,accessPoint,31
1.020090311613,wirelessHost[0],15
1.020348595786,accessPoint,31
1.021066595786,accessPoint,31
1.023413657935,wirelessHost[9],15
1.023672151738,accessPoint,31
1.025626151738,accessPoint,31
1.026196590774,wirelessHost[8],15
1.02645502981,accessPoint,31
1.02699302981,accessPoint,31
1.028880420819,wirelessHost[6],15
1.029138933756,accessPoint,31
1.029776933756,accessPoint,31
1.032004939558,wirelessHost[7],15
1.032263919486,accessPoint,31
1.034417919486,accessPoint,31
1.035428958997,wirelessHost[4],15
1.035687998508,accessPoint,31
1.037761998508,accessPoint,31
1.038297998508,accessPoint,31
1.03906898205,wirelessHost[3],15
1.136004135408,accessPoint,31
1.236004135408,accessPoint,31
1.336004135408,accessPoint,31
1.436004135408,accessPoint,31
1.536004135408,accessPoint,31
1.636004135408,accessPoint,31
1.736004135408,accessPoint,31
1.836004135408,accessPoint,31
1.936004135408,accessPoint,31
2,wirelessHost[0],15
2,wirelessHost[1],15
2,wirelessHost[2],15
2,wirelessHost[3],15
2,wirelessHost[4],15
2,wirelessHost[5],15
2,wirelessHost[6],15
2,wirelessHost[7],15
2,wirelessHost[8],15
2,wirelessHost[9],15
2.00107,wirelessHost[0],31
2.00107,wirelessHost[1],31
2.00107,wirelessHost[2],31
2.00107,wirelessHost[3],31
2.00107,wirelessHost[4],31
2.00107,wirelessHost[5],31
2.00107,wirelessHost[6],31
2.00107,wirelessHost[7],31
2.00107,wirelessHost[8],31
2.00107,wirelessHost[9],31
2.004919385992,wirelessHost[5],63
2.004919642941,wirelessHost[7],63
2.009706905639,wirelessHost[2],63
2.009707349097,wirelessHost[3],63
2.036004135408,accessPoint,31
2.136004135408,accessPoint,31
2.236004135408,accessPoint,31
2.336004135408,accessPoint,31
2.436004135408,accessPoint,31
2.536004135408,accessPoint,31
2.636004135408,accessPoint,31
2.736004135408,accessPoint,31
2.836004135408,accessPoint,31
2.936004135408,accessPoint,31
3,wirelessHost[0],15
3,wirelessHost[1],15
3,wirelessHost[2],15
3,wirelessHost[3],15
3,wirelessHost[4],15
3,wirelessHost[5],15
3,wirelessHost[6],15
3,wirelessHost[7],15
3,wirelessHost[8],15
3,wirelessHost[9],15
3.00107,wirelessHost[0],31
3.00107,wirelessHost[1],31
3.00107,wirelessHost[2],31
3.00107,wirelessHost[3],31
3.00107,wirelessHost[4],31
3.00107,wirelessHost[5],31
3.00107,wirelessHost[6],31
3.00107,wirelessHost[7],31
3.00107,wirelessHost[8],31
3.00107,wirelessHost[9],31
3.008493038706,wirelessHost[2],63
3.00849347855,wirelessHost[7],63
3.010959945386,wirelessHost[0],63
3.036004135408,accessPoint,31
3.136004135408,accessPoint,31
3.236004135408,accessPoint,31
3.336004135408,accessPoint,31
3.436004135408,accessPoint,31
3.536004135408,accessPoint,31
3.636004135408,accessPoint,31
3.736004135408,accessPoint,31
3.836004135408,accessPoint,31
3.936004135408,accessPoint,31
4,wirelessHost[0],15
4,wirelessHost[1],15
4,wirelessHost[2],15
4,wirelessHost[3],15
4,wirelessHost[4],15
4,wirelessHost[5],15
4,wirelessHost[6],15
4,wirelessHost[7],15
4,wirelessHost[8],15
4,wirelessHost[9],15
4.00107,wirelessHost[0],31
4.00107,wirelessHost[1],31
4.00107,wirelessHost[2],31
4.00107,wirelessHost[3],31
4.00107,wirelessHost[4],31
4.00107,wirelessHost[5],31
4.00107,wirelessHost[6],31
4.00107,wirelessHost[7],31
4.00107,wirelessHost[8],31
4.00107,wirelessHost[9],31
4.008351623169,wirelessHost[9],63
4.008352112908,wirelessHost[3],63
4.036004135408,accessPoint,31
4.136004135408,accessPoint,31
4.236004135408,accessPoint,31
4.336004135408,accessPoint,31
4.436004135408,accessPoint,31
4.536004135408,accessPoint,31
4.636004135408,accessPoint,31
4.736004135408,accessPoint,31
4.836004135408,accessPoint,31
4.936004135408,accessPoint,31
5,wirelessHost[0],15
5,wirelessHost[1],15
5,wirelessHost[2],15
5,wirelessHost[3],15
5,wirelessHost[4],15
5,wirelessHost[5],15
5,wirelessHost[6],15
5,wirelessHost[7],15
5,wirelessHost[8],15
5,wirelessHost[9],15
5.00107,wirelessHost[0],31
5.00107,wirelessHost[1],31
5.00107,wirelessHost[2],31
5.00107,wirelessHost[3],31
5.00107,wirelessHost[4],31
5.00107,wirelessHost[5],31
5.00107,wirelessHost[6],31
5.00107,wirelessHost[7],31
5.00107,wirelessHost[8],31
5.00107,wirelessHost[9],31
5.036004135408,accessPoint,31
5.136004135408,accessPoint,31
5.236004135408,accessPoint,31
5.336004135408,accessPoint,31
5.436004135408,accessPoint,31
5.536004135408,accessPoint,31
5.636004135408,accessPoint,31
5.736004135408,accessPoint,31
5.836004135408,accessPoint,31
5.936004135408,accessPoint,31
6,wirelessHost[0],15
6,wirelessHost[1],15
6,wirelessHost[2],15
6,wirelessHost[3],15
6,wirelessHost[4],15
6,wirelessHost[5],15
6,wirelessHost[6],15
6,wirelessHost[7],15
6,wirelessHost[8],15
6,wirelessHost[9],15
6.00107,wirelessHost[0],31
6.00107,wirelessHost[1],31
6.00107,wirelessHost[2],31
6.00107,wirelessHost[3],31
6.00107,wirelessHost[4],31
6.00107,wirelessHost[5],31
6.00107,wirelessHost[6],31
6.00107,wirelessHost[7],31
6.00107,wirelessHost[8],31
6.00107,wirelessHost[9],31
6.003442824257,wirelessHost[0],63
6.003443033887,wirelessHost[9],63
6.036004135408,accessPoint,31
6.136004135408,accessPoint,31
6.236004135408,accessPoint,31
6.336004135408,accessPoint,31
6.436004135408,accessPoint,31
6.536004135408,accessPoint,31
6.636004135408,accessPoint,31
6.736004135408,accessPoint,31
6.836004135408,accessPoint,31
6.936004135408,accessPoint,31
7,wirelessHost[0],15
7,wirelessHost[1],15
7,wirelessHost[2],15
7,wirelessHost[3],15
7,wirelessHost[4],15
7,wirelessHost[5],15
7,wirelessHost[6],15
7,wirelessHost[7],15
7,wirelessHost[8],15
7,wirelessHost[9],15
7.00107,wirelessHost[0],31
7.00107,wirelessHost[1],31
7.00107,wirelessHost[2],31
7.00107,wirelessHost[3],31
7.00107,wirelessHost[4],31
7.00107,wirelessHost[5],31
7.00107,wirelessHost[6],31
7.00107,wirelessHost[7],31
7.00107,wirelessHost[8],31
7.00107,wirelessHost[9],31
7.002326,wirelessHost[3],63
7.002326,wirelessHost[9],63
7.036004135408,accessPoint,31
7.136004135408,accessPoint,31
7.236004135408,accessPoint,31
7.336004135408,accessPoint,31
7.436004135408,accessPoint,31
7.536004135408,accessPoint,31
7.636004135408,accessPoint,31
7.736004135408,accessPoint,31
7.836004135408,accessPoint,31
7.936004135408,accessPoint,31
8,wirelessHost[0],15
8,wirelessHost[1],15
8,wirelessHost[2],15
8,wirelessHost[3],15
8,wirelessHost[4],15
8,wirelessHost[5],15
8,wirelessHost[6],15
8,wirelessHost[7],15
8,wirelessHost[8],15
8,wirelessHost[9],15
8.00107,wirelessHost[0],31
8.00107,wirelessHost[1],31
8.00107,wirelessHost[2],31
8.00107,wirelessHost[3],31
8.00107,wirelessHost[4],31
8.00107,wirelessHost[5],31
8.00107,wirelessHost[6],31
8.00107,wirelessHost[7],31
8.00107,wirelessHost[8],31
8.00107,wirelessHost[9],31
8.036004135408,accessPoint,31
8.136004135408,accessPoint,31
8.236004135408,accessPoint,31
8.336004135408,accessPoint,31
8.436004135408,accessPoint,31
8.536004135408,accessPoint,31
8.636004135408,accessPoint,31
8.736004135408,accessPoint,31
8.836004135408,accessPoint,31
8.936004135408,accessPoint,31
9,wirelessHost[0],15
9,wirelessHost[1],15
9,wirelessHost[2],15
9,wirelessHost[3],15
9,wirelessHost[4],15
9,wirelessHost[5],15
9,wirelessHost[6],15
9,wirelessHost[7],15
9,wirelessHost[8],15
9,wirelessHost[9],15
9.00107,wirelessHost[0],31
9.00107,wirelessHost[1],31
9.00107,wirelessHost[2],31
9.00107,wirelessHost[3],31
9.00107,wirelessHost[4],31
9.00107,wirelessHost[5],31
9.00107,wirelessHost[6],31
9.00107,wirelessHost[7],31
9.00107,wirelessHost[8],31
9.00107,wirelessHost[9],31
9.002342587975,wirelessHost[6],63
9.00234305858,wirelessHost[3],63
9.036004135408,accessPoint,31
9.136004135408,accessPoint,31
9.236004135408,accessPoint,31
9.336004135408,accessPoint,31
9.436004135408,accessPoint,31
9.536004135408,accessPoint,31
9.636004135408,accessPoint,31
9.736004135408,accessPoint,31
9.836004135408,accessPoint,31
9.936004135408,accessPoint,31
10,wirelessHost[0],15
10,wirelessHost[1],15
10,wirelessHost[2],15
10,wirelessHost[3],15
10,wirelessHost[4],15
10,wirelessHost[5],15
10,wirelessHost[6],15
10,wirelessHost[7],15
10,wirelessHost[8],15
10,wirelessHost[9],15
10.00107,wirelessHost[0],31
10.00107,wirelessHost[1],31
10.00107,wirelessHost[2],31
10.00107,wirelessHost[3],31
10.00107,wirelessHost[4],31
10.00107,wirelessHost[5],31
10.00107,wirelessHost[6],31
10.00107,wirelessHost[7],31
10.00107,wirelessHost[8],31
10.00107,wirelessHost[9],31
10.036004135408,accessPoint,31
10.136004135408,accessPoint,31
10.236004135408,accessPoint,31
10.336004135408,accessPoint,31
10.436004135408,accessPoint,31
10.536004135408,accessPoint,31
10.636004135408,accessPoint,31
10.736004135408,accessPoint,31
10.836004135408,accessPoint,31
10.936004135408,accessPoint,31
11,wirelessHost[0],15
11,wirelessHost[1],15
11,wirelessHost[2],15
11,wirelessHost[3],15
11,wirelessHost[4],15
11,wirelessHost[5],15
11,wirelessHost[6],15
11,wirelessHost[7],15
11,wirelessHost[8],15
11,wirelessHost[9],15
11.00107,wirelessHost[0],31
11.00107,wirelessHost[1],31
11.00107,wirelessHost[2],31
11.00107,wirelessHost[3],31
11.00107,wirelessHost[4],31
11.00107,wirelessHost[5],31
11.00107,wirelessHost[6],31
11.00107,wirelessHost[7],31
11.00107,wirelessHost[8],31
11.00107,wirelessHost[9],31
11.004619156321,wirelessHost[6],63
11.004619626926,wirelessHost[3],63
11.036004135408,accessPoint,31
11.136004135408,accessPoint,31
11.236004135408,accessPoint,31
11.336004135408,accessPoint,31
11.436004135408,accessPoint,31
11.536004135408,accessPoint,31
11.636004135408,accessPoint,31
11.736004135408,accessPoint,31
11.836004135408,accessPoint,31
11.936004135408,accessPoint,31
12,wirelessHost[0],15
12,wirelessHost[1],15
12,wirelessHost[2],15
12,wirelessHost[3],15
12,wirelessHost[4],15
12,wirelessHost[5],15
12,wirelessHost[6],15
12,wirelessHost[7],15
12,wirelessHost[8],15
12,wirelessHost[9],15
12.00107,wirelessHost[0],31
12.00107,wirelessHost[1],31
12.00107,wirelessHost[2],31
12.00107,wirelessHost[3],31
12.00107,wirelessHost[4],31
12.00107,wirelessHost[5],31
12.00107,wirelessHost[6],31
12.00107,wirelessHost[7],31
12.00107,wirelessHost[8],31
12.00107,wirelessHost[9],31
12.036004135408,accessPoint,31
12.136004135408,accessPoint,31
12.236004135408,accessPoint,31
12.336004135408,accessPoint,31
12.436004135408,accessPoint,31
12.536004135408,accessPoint,31
12.636004135408,accessPoint,31
12.736004135408,accessPoint,31
12.836004135408,accessPoint,31
12.936004135408,accessPoint,31
13,wirelessHost[0],15
13,wirelessHost[1],15
13,wirelessHost[2],15
13,wirelessHost[3],15
13,wirelessHost[4],15
13,wirelessHost[5],15
13,wirelessHost[6],15
13,wirelessHost[7],15
13,wirelessHost[8],15
13,wirelessHost[9],15
13.00107,wirelessHost[0],31
13.00107,wirelessHost[1],31
13.00107,wirelessHost[2],31
13.00107,wirelessHost[3],31
13.00107,wirelessHost[4],31
13.00107,wirelessHost[5],31
13.00107,wirelessHost[6],31
13.00107,wirelessHost[7],31
13.00107,wirelessHost[8],31
13.00107,wirelessHost[9],31
13.00236305858,wirelessHost[3],63
13.004800647863,wirelessHost[9],63
13.004800666997,wirelessHost[6],63
13.008509290829,wirelessHost[8],63
13.008509574772,wirelessHost[5],63
13.011039413053,wirelessHost[0],63
13.011039567916,wirelessHost[8],127
13.036004135408,accessPoint,31
13.136004135408,accessPoint,31
13.236004135408,accessPoint,31
13.336004135408,accessPoint,31
13.436004135408,accessPoint,31
13.536004135408,accessPoint,31
13.636004135408,accessPoint,31
13.736004135408,accessPoint,31
13.836004135408,accessPoint,31
13.936004135408,accessPoint,31
14,wirelessHost[0],15
14,wirelessHost[1],15
14,wirelessHost[2],15
14,wirelessHost[3],15
14,wirelessHost[4],15
14,wirelessHost[5],15
14,wirelessHost[6],15
14,wirelessHost[7],15
14,wirelessHost[8],15
14,wirelessHost[9],15
14.00107,wirelessHost[0],31
14.00107,wirelessHost[1],31
14.00107,wirelessHost[2],31
14.00107,wirelessHost[3],31
14.00107,wirelessHost[4],31
14.00107,wirelessHost[5],31
14.00107,wirelessHost[6],31
14.00107,wirelessHost[7],31
14.00107,wirelessHost[8],31
14.00107,wirelessHost[9],31
14.003459729671,wirelessHost[2],63
14.036004135408,accessPoint,31
14.136004135408,accessPoint,31
14.236004135408,accessPoint,31
14.336004135408,accessPoint,31
14.436004135408,accessPoint,31
14.536004135408,accessPoint,31
14.636004135408,accessPoint,31
14.736004135408,accessPoint,31
14.836004135408,accessPoint,31
14.936004135408,accessPoint,31
15,wirelessHost[0],15
15,wirelessHost[1],15
15,wirelessHost[2],15
15,wirelessHost[3],15
15,wirelessHost[4],15
15,wirelessHost[5],15
15,wirelessHost[6],15
15,wirelessHost[7],15
15,wirelessHost[8],15
15,wirelessHost[9],15
15.00107,wirelessHost[0],31
15.00107,wirelessHost[1],31
15.00107,wirelessHost[2],31
15.00107,wirelessHost[3],31
15.00107,wirelessHost[4],31
15.00107,wirelessHost[5],31
15.00107,wirelessHost[6],31
15.00107,wirelessHost[7],31
15.00107,wirelessHost[8],31
15.00107,wirelessHost[9],31
15.002246,wirelessHost[4],63
15.002246,wirelessHost[5],63
15.003519061492,wirelessHost[9],63
15.003519323078,wirelessHost[0],63
15.036004135408,accessPoint,31
15.136004135408,accessPoint,31
15.236004135408,accessPoint,31
15.336004135408,accessPoint,31
15.436004135408,accessPoint,31
15.536004135408,accessPoint,31
15.636004135408,accessPoint,31
15.736004135408,accessPoint,31
15.836004135408,accessPoint,31
15.936004135408,accessPoint,31
16,wirelessHost[0],15
16,wirelessHost[1],15
16,wirelessHost[2],15
16,wirelessHost[3],15
16,wirelessHost[4],15
16,wirelessHost[5],15
16,wirelessHost[6],15
16,wirelessHost[7],15
16,wirelessHost[8],15
16,wirelessHost[9],15
16.00107,wirelessHost[0],31
16.00107,wirelessHost[1],31
16.00107,wirelessHost[2],31
16.00107,wirelessHost[3],31
16.00107,wirelessHost[4],31
16.00107,wirelessHost[5],31
16.00107,wirelessHost[6],31
16.00107,wirelessHost[7],31
16.00107,wirelessHost[8],31
16.00107,wirelessHost[9],31
16.004736741475,wirelessHost[3],63
16.007567129808,wirelessHost[9],63
16.007567148942,wirelessHost[6],63
16.007567358984,wirelessHost[5],63
16.036004135408,accessPoint,31
16.136004135408,accessPoint,31
16.236004135408,accessPoint,31
16.336004135408,accessPoint,31
16.436004135408,accessPoint,31
16.536004135408,accessPoint,31
16.636004135408,accessPoint,31
16.736004135408,accessPoint,31
16.836004135408,accessPoint,31
16.936004135408,accessPoint,31
17,wirelessHost[0],15
17,wirelessHost[1],15
17,wirelessHost[2],15
17,wirelessHost[3],15
17,wirelessHost[4],15
17,wirelessHost[5],15
17,wirelessHost[6],15
17,wirelessHost[7],15
17,wirelessHost[8],15
17,wirelessHost[9],15
17.00107,wirelessHost[0],31
17.00107,wirelessHost[1],31
17.00107,wirelessHost[2],31
17.00107,wirelessHost[3],31
17.00107,wirelessHost[4],31
17.00107,wirelessHost[5],31
17.00107,wirelessHost[6],31
17.00107,wirelessHost[7],31
17.00107,wirelessHost[8],31
17.00107,wirelessHost[9],31
17.007235824428,wirelessHost[9],63
17.007236310553,wirelessHost[7],63
17.008545934822,wirelessHost[6],63
17.036004135408,accessPoint,31
17.136004135408,accessPoint,31
17.236004135408,accessPoint,31
17.336004135408,accessPoint,31
17.436004135408,accessPoint,31
17.536004135408,accessPoint,31
17.636004135408,accessPoint,31
17.736004135408,accessPoint,31
17.836004135408,accessPoint,31
17.936004135408,accessPoint,31
18,wirelessHost[0],15
18,wirelessHost[1],15
18,wirelessHost[2],15
18,wirelessHost[3],15
18,wirelessHost[4],15
18,wirelessHost[5],15
18,wirelessHost[6],15
18,wirelessHost[7],15
18,wirelessHost[8],15
18,wirelessHost[9],15
18.00107,wirelessHost[0],31
18.00107,wirelessHost[1],31
18.00107,wirelessHost[2],31
18.00107,wirelessHost[3],31
18.00107,wirelessHost[4],31
18.00107,wirelessHost[5],31
18.00107,wirelessHost[6],31
18.00107,wirelessHost[7],31
18.00107,wirelessHost[8],31
18.00107,wirelessHost[9],31
18.003503033887,wirelessHost[9],63
18.003503053021,wirelessHost[6],63
18.004796004976,wirelessHost[8],63
18.004796300581,wirelessHost[4],63
18.006225749895,wirelessHost[0],63
18.036004135408,accessPoint,31
18.136004135408,accessPoint,31
18.236004135408,accessPoint,31
18.336004135408,accessPoint,31
18.436004135408,accessPoint,31
18.536004135408,accessPoint,31
18.636004135408,accessPoint,31
18.736004135408,accessPoint,31
18.836004135408,accessPoint,31
18.936004135408,accessPoint,31
19,wirelessHost[0],15
19,wirelessHost[1],15
19,wirelessHost[2],15
19,wirelessHost[3],15
19,wirelessHost[4],15
19,wirelessHost[5],15
19,wirelessHost[6],15
19,wirelessHost[7],15
19,wirelessHost[8],15
19,wirelessHost[9],15
19.00107,wirelessHost[0],31
19.00107,wirelessHost[1],31
19.00107,wirelessHost[2],31
19.00107,wirelessHost[3],31
19.00107,wirelessHost[4],31
19.00107,wirelessHost[5],31
19.00107,wirelessHost[6],31
19.00107,wirelessHost[7],31
19.00107,wirelessHost[8],31
19.00107,wirelessHost[9],31
19.002226,wirelessHost[3],63
19.002226,wirelessHost[9],63
19.004755988611,wirelessHost[8],63
19.004756272554,wirelessHost[5],63
19.006049286578,wirelessHost[2],63
19.006049393204,wirelessHost[3],127
19.012211009423,wirelessHost[8],127
19.012211550315,wirelessHost[7],63
19.012211609898,wirelessHost[4],63
19.014865024046,wirelessHost[9],127
19.014865070327,wirelessHost[2],127
19.036004135408,accessPoint,31
19.136004135408,accessPoint,31
19.236004135408,accessPoint,31
19.336004135408,accessPoint,31
19.436004135408,accessPoint,31
19.536004135408,accessPoint,31
19.636004135408,accessPoint,31
19.736004135408,accessPoint,31
19.836004135408,accessPoint,31
19.936004135408,accessPoint,31
20,wirelessHost[0],15
20,wirelessHost[1],15
20,wirelessHost[2],15
20,wirelessHost[3],15
20,wirelessHost[4],15
20,wirelessHost[5],15
20,wirelessHost[6],15
20,wirelessHost[7],15
20,wirelessHost[8],15
20,wirelessHost[9],15
20.00107,wirelessHost[0],31
20.00107,wirelessHost[1],31
20.00107,wirelessHost[2],31
20.00107,wirelessHost[3],31
20.00107,wirelessHost[4],31
20.00107,wirelessHost[5],31
20.00107,wirelessHost[6],31
20.00107,wirelessHost[7],31
20.00107,wirelessHost[8],31
20.00107,wirelessHost[9],31
20.00226305858,wirelessHost[3],63
20.006277161442,wirelessHost[8],63
20.006277216209,wirelessHost[9],63
20.00627726249,wirelessHost[2],63
20.036004135408,accessPoint,31
20.136004135408,accessPoint,31
20.236004135408,accessPoint,31
20.336004135408,accessPoint,31
20.436004135408,accessPoint,31
20.536004135408,accessPoint,31
20.636004135408,accessPoint,31
20.736004135408,accessPoint,31
20.836004135408,accessPoint,31
20.936004135408,accessPoint,31
21,wirelessHost[0],15
21,wirelessHost[1],15
21,wirelessHost[2],15
21,wirelessHost[3],15
21,wirelessHost[4],15
21,wirelessHost[5],15
21,wirelessHost[6],15
21,wirelessHost[7],15
21,wirelessHost[8],15
21,wirelessHost[9],15
21.00107,wirelessHost[0],31
21.00107,wirelessHost[1],31
21.00107,wirelessHost[2],31
21.00107,wirelessHost[3],31
21.00107,wirelessHost[4],31
21.00107,wirelessHost[5],31
21.00107,wirelessHost[6],31
21.00107,wirelessHost[7],31
21.00107,wirelessHost[8],31
21.00107,wirelessHost[9],31
21.012140719484,wirelessHost[3],63
21.036004135408,accessPoint,31
21.136004135408,accessPoint,31
21.236004135408,accessPoint,31
21.336004135408,accessPoint,31
21.436004135408,accessPoint,31
21.536004135408,accessPoint,31
21.636004135408,accessPoint,31
21.736004135408,accessPoint,31
21.836004135408,accessPoint,31
21.936004135408,accessPoint,31
22,wirelessHost[0],15
22,wirelessHost[1],15
22,wirelessHost[2],15
22,wirelessHost[3],15
22,wirelessHost[4],15
22,wirelessHost[5],15
22,wirelessHost[6],15
22,wirelessHost[7],15
22,wirelessHost[8],15
22,wirelessHost[9],15
22.00107,wirelessHost[0],31
22.00107,wirelessHost[1],31
22.00107,wirelessHost[2],31
22.00107,wirelessHost[3],31
22.00107,wirelessHost[4],31
22.00107,wirelessHost[5],31
22.00107,wirelessHost[6],31
22.00107,wirelessHost[7],31
22.00107,wirelessHost[8],31
22.00107,wirelessHost[9],31
22.002426,wirelessHost[5],63
22.002426,wirelessHost[9],63
22.00726967848,wirelessHost[4],63
22.036004135408,accessPoint,31
22.136004135408,accessPoint,31
22.236004135408,accessPoint,31
22.336004135408,accessPoint,31
22.436004135408,accessPoint,31
22.536004135408,accessPoint,31
22.636004135408,accessPoint,31
22.736004135408,accessPoint,31
22.836004135408,accessPoint,31
22.936004135408,accessPoint,31
23,wirelessHost[0],15
23,wirelessHost[1],15
23,wirelessHost[2],15
23,wirelessHost[3],15
23,wirelessHost[4],15
23,wirelessHost[5],15
23,wirelessHost[6],15
23,wirelessHost[7],15
23,wirelessHost[8],15
23,wirelessHost[9],15
23.00107,wirelessHost[0],31
23.00107,wirelessHost[1],31
23.00107,wirelessHost[2],31
23.00107,wirelessHost[3],31
23.00107,wirelessHost[4],31
23.00107,wirelessHost[5],31
23.00107,wirelessHost[6],31
23.00107,wirelessHost[7],31
23.00107,wirelessHost[8],31
23.00107,wirelessHost[9],31
23.006014507863,wirelessHost[8],63
23.009943043293,wirelessHost[8],127
23.009943643768,wirelessHost[4],63
23.011196170575,wirelessHost[2],63
23.011196285434,wirelessHost[9],63
23.036004135408,accessPoint,31
23.136004135408,accessPoint,31
23.236004135408,accessPoint,31
23.336004135408,accessPoint,31
23.436004135408,accessPoint,31
23.536004135408,accessPoint,31
23.636004135408,accessPoint,31
23.736004135408,accessPoint,31
23.836004135408,accessPoint,31
23.936004135408,accessPoint,31
24,wirelessHost[0],15
24,wirelessHost[1],15
24,wirelessHost[2],15
24,wirelessHost[3],15
24,wirelessHost[4],15
24,wirelessHost[5],15
24,wirelessHost[6],15
24,wirelessHost[7],15
24,wirelessHost[8],15
24,wirelessHost[9],15
24.00107,wirelessHost[0],31
24.00107,wirelessHost[1],31
24.00107,wirelessHost[2],31
24.00107,wirelessHost[3],31
24.00107,wirelessHost[4],31
24.00107,wirelessHost[5],31
24.00107,wirelessHost[6],31
24.00107,wirelessHost[7],31
24.00107,wirelessHost[8],31
24.00107,wirelessHost[9],31
24.036004135408,accessPoint,31
24.136004135408,accessPoint,31
24.236004135408,accessPoint,31
24.336004135408,accessPoint,31
24.436004135408,accessPoint,31
24.536004135408,accessPoint,31
24.636004135408,accessPoint,31
24.736004135408,accessPoint,31
24.836004135408,accessPoint,31
24.936004135408,accessPoint,31
25,wirelessHost[0],15
25,wirelessHost[1],15
25,wirelessHost[2],15
25,wirelessHost[3],15
25,wirelessHost[4],15
25,wirelessHost[5],15
25,wirelessHost[6],15
25,wirelessHost[7],15
25,wirelessHost[8],15
25,wirelessHost[9],15
25.00107,wirelessHost[0],31
25.00107,wirelessHost[1],31
25.00107,wirelessHost[2],31
25.00107,wirelessHost[3],31
25.00107,wirelessHost[4],31
25.00107,wirelessHost[5],31
25.00107,wirelessHost[6],31
25.00107,wirelessHost[7],31
25.00107,wirelessHost[8],31
25.00107,wirelessHost[9],31
25.003540091972,wirelessHost[3],63
25.006254317456,wirelessHost[7],63
25.00625432107,wirelessHost[3],127
25.036004135408,accessPoint,31
25.136004135408,accessPoint,31
25.236004135408,accessPoint,31
25.336004135408,accessPoint,31
25.436004135408,accessPoint,31
25.536004135408,accessPoint,31
25.636004135408,accessPoint,31
25.736004135408,accessPoint,31
25.836004135408,accessPoint,31
25.936004135408,accessPoint,31
26,wirelessHost[0],15
26,wirelessHost[1],15
26,wirelessHost[2],15
26,wirelessHost[3],15
26,wirelessHost[4],15
26,wirelessHost[5],15
26,wirelessHost[6],15
26,wirelessHost[7],15
26,wirelessHost[8],15
26,wirelessHost[9],15
26.00107,wirelessHost[0],31
26.00107,wirelessHost[1],31
26.00107,wirelessHost[2],31
26.00107,wirelessHost[3],31
26.00107,wirelessHost[4],31
26.00107,wirelessHost[5],31
26.00107,wirelessHost[6],31
26.00107,wirelessHost[7],31
26.00107,wirelessHost[8],31
26.00107,wirelessHost[9],31
26.006055670395,wirelessHost[8],63
26.006056214901,wirelessHost[3],63
26.012023348734,wirelessHost[9],63
26.012023395015,wirelessHost[2],63
26.036004135408,accessPoint,31
26.136004135408,accessPoint,31
26.236004135408,accessPoint,31
26.336004135408,accessPoint,31
26.436004135408,accessPoint,31
26.536004135408,accessPoint,31
26.636004135408,accessPoint,31
26.736004135408,accessPoint,31
26.836004135408,accessPoint,31
26.936004135408,accessPoint,31
27,wirelessHost[0],15
27,wirelessHost[1],15
27,wirelessHost[2],15
27,wirelessHost[3],15
27,wirelessHost[4],15
27,wirelessHost[5],15
27,wirelessHost[6],15
27,wirelessHost[7],15
27,wirelessHost[8],15
27,wirelessHost[9],15
27.00107,wirelessHost[0],31
27.00107,wirelessHost[1],31
27.00107,wirelessHost[2],31
27.00107,wirelessHost[3],31
27.00107,wirelessHost[4],31
27.00107,wirelessHost[5],31
27.00107,wirelessHost[6],31
27.00107,wirelessHost[7],31
27.00107,wirelessHost[8],31
27.00107,wirelessHost[9],31
27.003463492865,wirelessHost[6],63
27.003463520012,wirelessHost[2],63
27.010882220352,wirelessHost[3],63
27.036004135408,accessPoint,31
27.136004135408,accessPoint,31
27.236004135408,accessPoint,31
27.336004135408,accessPoint,31
27.436004135408,accessPoint,31
27.536004135408,accessPoint,31
27.636004135408,accessPoint,31
27.736004135408,accessPoint,31
27.836004135408,accessPoint,31
27.936004135408,accessPoint,31
28,wirelessHost[0],15
28,wirelessHost[1],15
28,wirelessHost[2],15
28,wirelessHost[3],15
28,wirelessHost[4],15
28,wirelessHost[5],15
28,wirelessHost[6],15
28,wirelessHost[7],15
28,wirelessHost[8],15
28,wirelessHost[9],15
28.00107,wirelessHost[0],31
28.00107,wirelessHost[1],31
28.00107,wirelessHost[2],31
28.00107,wirelessHost[3],31
28.00107,wirelessHost[4],31
28.00107,wirelessHost[5],31
28.00107,wirelessHost[6],31
28.00107,wirelessHost[7],31
28.00107,wirelessHost[8],31
28.00107,wirelessHost[9],31
28.009668932398,wirelessHost[9],63
28.009668951532,wirelessHost[6],63
28.009669418523,wirelessHost[7],63
28.014099403492,wirelessHost[6],127
28.014099870483,wirelessHost[7],127
28.036004135408,accessPoint,31
28.136004135408,accessPoint,31
28.236004135408,accessPoint,31
28.336004135408,accessPoint,31
28.436004135408,accessPoint,31
28.536004135408,accessPoint,31
28.636004135408,accessPoint,31
28.736004135408,accessPoint,31
28.836004135408,accessPoint,31
28.936004135408,accessPoint,31
29,wirelessHost[0],15
29,wirelessHost[1],15
29,wirelessHost[2],15
29,wirelessHost[3],15
29,wirelessHost[4],15
29,wirelessHost[5],15
29,wirelessHost[6],15
29,wirelessHost[7],15
29,wirelessHost[8],15
29,wirelessHost[9],15
29.00107,wirelessHost[0],31
29.00107,wirelessHost[1],31
29.00107,wirelessHost[2],31
29.00107,wirelessHost[3],31
29.00107,wirelessHost[4],31
29.00107,wirelessHost[5],31
29.00107,wirelessHost[6],31
29.00107,wirelessHost[7],31
29.00107,wirelessHost[8],31
29.00107,wirelessHost[9],31
29.036004135408,accessPoint,31
29.136004135408,accessPoint,31
29.236004135408,accessPoint,31
29.336004135408,accessPoint,31
29.436004135408,accessPoint,31
29.536004135408,accessPoint,31
29.636004135408,accessPoint,31
29.736004135408,accessPoint,31
29.836004135408,accessPoint,31
29.936004135408,accessPoint,31
30,wirelessHost[0],15
30,wirelessHost[1],15
30,wirelessHost[2],15
30,wirelessHost[3],15
30,wirelessHost[4],15
30,wirelessHost[5],15
30,wirelessHost[6],15
30,wirelessHost[7],15
30,wirelessHost[8],15
30,wirelessHost[9],15
30.00107,wirelessHost[0],31
30.00107,wirelessHost[1],31
30.00107,wirelessHost[2],31
30.00107,wirelessHost[3],31
30.00107,wirelessHost[4],31
30.00107,wirelessHost[5],31
30.00107,wirelessHost[6],31
30.00107,wirelessHost[7],31
30.00107,wirelessHost[8],31
30.00107,wirelessHost[9],31
30.004779670088,wirelessHost[2],63
30.004780169515,wirelessHost[4],63
30.036004135408,accessPoint,31
30.136004135408,accessPoint,31
30.236004135408,accessPoint,31
30.336004135408,accessPoint,31
30.436004135408,accessPoint,31
30.536004135408,accessPoint,31
30.636004135408,accessPoint,31
30.736004135408,accessPoint,31
30.836004135408,accessPoint,31
30.936004135408,accessPoint,31
31,wirelessHost[0],15
31,wirelessHost[1],15
31,wirelessHost[2],15
31,wirelessHost[3],15
31,wirelessHost[4],15
31,wirelessHost[5],15
31,wirelessHost[6],15
31,wirelessHost[7],15
31,wirelessHost[8],15
31,wirelessHost[9],15
31.00107,wirelessHost[0],31
31.00107,wirelessHost[1],31
31.00107,wirelessHost[2],31
31.00107,wirelessHost[3],31
31.00107,wirelessHost[4],31
31.00107,wirelessHost[5],31
31.00107,wirelessHost[6],31
31.00107,wirelessHost[7],31
31.00107,wirelessHost[8],31
31.00107,wirelessHost[9],31
31.036004135408,accessPoint,31
31.136004135408,accessPoint,31
31.236004135408,accessPoint,31
31.336004135408,accessPoint,31
31.436004135408,accessPoint,31
31.536004135408,accessPoint,31
31.636004135408,accessPoint,31
31.736004135408,accessPoint,31
31.836004135408,accessPoint,31
31.936004135408,accessPoint,31
32,wirelessHost[0],15
32,wirelessHost[1],15
32,wirelessHost[2],15
32,wirelessHost[3],15
32,wirelessHost[4],15
32,wirelessHost[5],15
32,wirelessHost[6],15
32,wirelessHost[7],15
32,wirelessHost[8],15
32,wirelessHost[9],15
32.00107,wirelessHost[0],31
32.00107,wirelessHost[1],31
32.00107,wirelessHost[2],31
32.00107,wirelessHost[3],31
32.00107,wirelessHost[4],31
32.00107,wirelessHost[5],31
32.00107,wirelessHost[6],31
32.00107,wirelessHost[7],31
32.00107,wirelessHost[8],31
32.00107,wirelessHost[9],31
32.004616141,wirelessHost[8],63
32.036004135408,accessPoint,31
32.136004135408,accessPoint,31
32.236004135408,accessPoint,31
32.336004135408,accessPoint,31
32.436004135408,accessPoint,31
32.536004135408,accessPoint,31
32.636004135408,accessPoint,31
32.736004135408,accessPoint,31
32.836004135408,accessPoint,31
32.936004135408,accessPoint,31
33,wirelessHost[0],15
33,wirelessHost[1],15
33,wirelessHost[2],15
33,wirelessHost[3],15
33,wirelessHost[4],15
33,wirelessHost[5],15
33,wirelessHost[6],15
33,wirelessHost[7],15
33,wirelessHost[8],15
33,wirelessHost[9],15
33.00107,wirelessHost[0],31
33.00107,wirelessHost[1],31
33.00107,wirelessHost[2],31
33.00107,wirelessHost[3],31
33.00107,wirelessHost[4],31
33.00107,wirelessHost[5],31
33.00107,wirelessHost[6],31
33.00107,wirelessHost[7],31
33.00107,wirelessHost[8],31
33.00107,wirelessHost[9],31
33.007192020229,wirelessHost[4],63
33.036004135408,accessPoint,31
33.136004135408,accessPoint,31
33.236004135408,accessPoint,31
33.336004135408,accessPoint,31
33.436004135408,accessPoint,31
33.536004135408,accessPoint,31
33.636004135408,accessPoint,31
33.736004135408,accessPoint,31
33.836004135408,accessPoint,31
33.936004135408,accessPoint,31
34,wirelessHost[0],15
34,wirelessHost[1],15
34,wirelessHost[2],15
34,wirelessHost[3],15
34,wirelessHost[4],15
34,wirelessHost[5],15
34,wirelessHost[6],15
34,wirelessHost[7],15
34,wirelessHost[8],15
34,wirelessHost[9],15
34.00107,wirelessHost[0],31
34.00107,wirelessHost[1],31
34.00107,wirelessHost[2],31
34.00107,wirelessHost[3],31
34.00107,wirelessHost[4],31
34.00107,wirelessHost[5],31
34.00107,wirelessHost[6],31
34.00107,wirelessHost[7],31
34.00107,wirelessHost[8],31
34.00107,wirelessHost[9],31
34.004737465857,wirelessHost[4],63
34.036004135408,accessPoint,31
34.136004135408,accessPoint,31
34.236004135408,accessPoint,31
34.336004135408,accessPoint,31
34.436004135408,accessPoint,31
34.536004135408,accessPoint,31
34.636004135408,accessPoint,31
34.736004135408,accessPoint,31
34.836004135408,accessPoint,31
34.936004135408,accessPoint,31
35,wirelessHost[0],15
35,wirelessHost[1],15
35,wirelessHost[2],15
35,wirelessHost[3],15
35,wirelessHost[4],15
35,wirelessHost[5],15
35,wirelessHost[6],15
35,wirelessHost[7],15
35,wirelessHost[8],15
35,wirelessHost[9],15
35.00107,wirelessHost[0],31
35.00107,wirelessHost[1],31
35.00107,wirelessHost[2],31
35.00107,wirelessHost[3],31
35.00107,wirelessHost[4],31
35.00107,wirelessHost[5],31
35.00107,wirelessHost[6],31
35.00107,wirelessHost[7],31
35.00107,wirelessHost[8],31
35.00107,wirelessHost[9],31
35.012063357949,wirelessHost[2],63
35.012063797793,wirelessHost[7],63
35.036004135408,accessPoint,31
35.136004135408,accessPoint,31
35.236004135408,accessPoint,31
35.336004135408,accessPoint,31
35.436004135408,accessPoint,31
35.536004135408,accessPoint,31
35.636004135408,accessPoint,31
35.736004135408,accessPoint,31
35.836004135408,accessPoint,31
35.936004135408,accessPoint,31
36,wirelessHost[0],15
36,wirelessHost[1],15
36,wirelessHost[2],15
36,wirelessHost[3],15
36,wirelessHost[4],15
36,wirelessHost[5],15
36,wirelessHost[6],15
36,wirelessHost[7],15
36,wirelessHost[8],15
36,wirelessHost[9],15
36.00107,wirelessHost[0],31
36.00107,wirelessHost[1],31
36.00107,wirelessHost[2],31
36.00107,wirelessHost[3],31
36.00107,wirelessHost[4],31
36.00107,wirelessHost[5],31
36.00107,wirelessHost[6],31
36.00107,wirelessHost[7],31
36.00107,wirelessHost[8],31
36.00107,wirelessHost[9],31
36.036004135408,accessPoint,31
36.136004135408,accessPoint,31
36.236004135408,accessPoint,31
36.336004135408,accessPoint,31
36.436004135408,accessPoint,31
36.536004135408,accessPoint,31
36.636004135408,accessPoint,31
36.736004135408,accessPoint,31
36.836004135408,accessPoint,31
36.936004135408,accessPoint,31
37,wirelessHost[0],15
37,wirelessHost[1],15
37,wirelessHost[2],15
37,wirelessHost[3],15
37,wirelessHost[4],15
37,wirelessHost[5],15
37,wirelessHost[6],15
37,wirelessHost[7],15
37,wirelessHost[8],15
37,wirelessHost[9],15
37.00107,wirelessHost[0],31
37.00107,wirelessHost[1],31
37.00107,wirelessHost[2],31
37.00107,wirelessHost[3],31
37.00107,wirelessHost[4],31
37.00107,wirelessHost[5],31
37.00107,wirelessHost[6],31
37.00107,wirelessHost[7],31
37.00107,wirelessHost[8],31
37.00107,wirelessHost[9],31
37.036004135408,accessPoint,31
37.136004135408,accessPoint,31
37.236004135408,accessPoint,31
37.336004135408,accessPoint,31
37.436004135408,accessPoint,31
37.536004135408,accessPoint,31
37.636004135408,accessPoint,31
37.736004135408,accessPoint,31
37.836004135408,accessPoint,31
37.936004135408,accessPoint,31
38,wirelessHost[0],15
38,wirelessHost[1],15
38,wirelessHost[2],15
38,wirelessHost[3],15
38,wirelessHost[4],15
38,wirelessHost[5],15
38,wirelessHost[6],15
38,wirelessHost[7],15
38,wirelessHost[8],15
38,wirelessHost[9],15
38.00107,wirelessHost[0],31
38.00107,wirelessHost[1],31
38.00107,wirelessHost[2],31
38.00107,wirelessHost[3],31
38.00107,wirelessHost[4],31
38.00107,wirelessHost[5],31
38.00107,wirelessHost[6],31
38.00107,wirelessHost[7],31
38.00107,wirelessHost[8],31
38.00107,wirelessHost[9],31
38.036004135408,accessPoint,31
38.136004135408,accessPoint,31
38.236004135408,accessPoint,31
38.336004135408,accessPoint,31
38.436004135408,accessPoint,31
38.536004135408,accessPoint,31
38.636004135408,accessPoint,31
38.736004135408,accessPoint,31
38.836004135408,accessPoint,31
38.936004135408,accessPoint,31
39,wirelessHost[0],15
39,wirelessHost[1],15
39,wirelessHost[2],15
39,wirelessHost[3],15
39,wirelessHost[4],15
39,wirelessHost[5],15
39,wirelessHost[6],15
39,wirelessHost[7],15
39,wirelessHost[8],15
39,wirelessHost[9],15
39.00107,wirelessHost[0],31
39.00107,wirelessHost[1],31
39.00107,wirelessHost[2],31
39.00107,wirelessHost[3],31
39.00107,wirelessHost[4],31
39.00107,wirelessHost[5],31
39.00107,wirelessHost[6],31
39.00107,wirelessHost[7],31
39.00107,wirelessHost[8],31
39.00107,wirelessHost[9],31
39.036004135408,accessPoint,31
39.136004135408,accessPoint,31
39.236004135408,accessPoint,31
39.336004135408,accessPoint,31
39.436004135408,accessPoint,31
39.536004135408,accessPoint,31
39.636004135408,accessPoint,31
39.736004135408,accessPoint,31
39.836004135408,accessPoint,31
39.936004135408,accessPoint,31
40,wirelessHost[0],15
40,wirelessHost[1],15
40,wirelessHost[2],15
40,wirelessHost[3],15
40,wirelessHost[4],15
40,wirelessHost[5],15
40,wirelessHost[6],15
40,wirelessHost[7],15
40,wirelessHost[8],15
40,wirelessHost[9],15
